scenario_id,truth_source,road_level,weather,time,low_velocity_ratio[%],average_ego_velocity[m/s],average_velocity[m/s],flow[/s],area_occ[%]
20241111_093841_n000002,robosense,城区道路,晴天,morning,0.39256061109266027,14.036898023773244,4.696355719738176,0.17924000418392197,0.0473768228970767
20241111_093841_n000003,robosense,城区道路,晴天,morning,0.4951811232967763,13.751283150428687,6.3546136498376296,0.35131836278371836,0.08398654937311181
20241111_093841_n000004,robosense,城区道路,晴天,morning,0.3810470510271703,10.058127624830291,6.312298392436534,0.5394297308780093,0.10906320693827568
20241111_093841_n000006,robosense,城区道路,晴天,morning,0.2902155887230514,11.76816077042963,8.363831905972091,0.5115404049078748,0.08155501876229206
20241111_093841_n000007,robosense,城区道路,晴天,morning,0.4233576642335766,11.233774331414384,4.874541667542367,0.4659136679696734,0.09073074498930596
20241111_093841_n000008,robosense,城区道路,晴天,morning,0.5482907401261201,8.5227410255505,3.1285847553754356,0.42181823856228173,0.10491588675791164
20241111_093841_n000009,robosense,城区道路,晴天,morning,0.3854581673306773,11.979447213203311,5.961091355733981,0.41136744006537646,0.029241737882534286
20241111_093841_n000010,robosense,城区道路,晴天,morning,0.4245847176079734,11.094461882499845,6.654140342368211,0.45996611139613564,0.06486411829686184
20241111_093841_n000011,robosense,城区道路,晴天,morning,0.3593905266644584,10.590544866307445,5.427565753582055,0.3811825638896183,0.061314356582921226
20241111_093841_n000012,robosense,城区道路,晴天,morning,0.3950944647000331,9.12803587495464,4.57429086119493,0.47820582942607376,0.08615949082445186
20241111_093841_n000013,robosense,城区道路,晴天,morning,0.541445623342175,12.335282203173689,3.6247509510538447,0.28653316347686697,0.07557751206153596
20241111_093841_n000014,robosense,城区道路,晴天,morning,0.4980092899800929,13.487503900011092,5.396975525243498,0.31139199864605327,0.07781446239829173
20241111_093841_n000015,robosense,城区道路,晴天,morning,0.24892134085628942,11.323849424976613,7.639856654252534,0.4494166461594069,0.07830545313011256
20241111_093841_n000016,robosense,城区道路,晴天,morning,0.44223107569721115,10.956078214162872,4.472558136140869,0.33760302701292644,0.09724013595090542
20241111_093841_n000018,robosense,城区道路,晴天,morning,0.3291307232913072,10.187115904603349,3.077878151743221,0.14319719605490172,0.03348140453577805
20241111_125838_n000004,robosense,城区道路,晴天,afternoon,0.3240556660039761,12.42150814182618,8.268531744166213,0.2506877515587595,0.03600652126507829
20241111_125838_n000005,robosense,城区道路,晴天,afternoon,0.0912106135986733,12.094194568943804,9.944723952627822,0.3725978775159831,0.03181159148826646
20241111_125838_n000006,robosense,城区道路,晴天,afternoon,0.032525721871888486,11.754876103981895,9.7084171011038,0.3573320911201129,0.028611539897505103
20241111_125838_n000008,robosense,高速/快速路,晴天,afternoon,0.0019933554817275745,17.222634515495656,18.360087311828558,1.1553430664915516,0.036469714742749446
20241111_125838_n000009,robosense,高速/快速路,晴天,afternoon,0.0,18.570426837271455,19.957018517521693,1.2683953764170381,0.03540154062758518
20241111_125838_n000010,robosense,高速/快速路,晴天,afternoon,0.0,19.110245213747262,21.061466526340233,1.2467994509339113,0.03548481498804671
20241111_125838_n000011,robosense,高速/快速路,晴天,afternoon,0.0,19.063996326385823,20.632732567102547,0.9649086210196541,0.026020296331653946
20241111_125838_n000012,robosense,高速/快速路,晴天,afternoon,0.09093926319283106,15.740864688786942,11.017975855414946,0.3901253231971405,0.02215845994332597
20241111_125838_n000013,robosense,高速/快速路,晴天,afternoon,0.0,18.606360883658926,16.008454877929037,0.5591161274501569,0.01648435951384902
20241111_125838_n000014,robosense,高速/快速路,晴天,afternoon,0.02782378270950646,16.876605979100606,17.89926452548439,1.3094356302593484,0.052389896067912285
20241111_125838_n000015,robosense,高速/快速路,晴天,afternoon,0.36779324055666,14.143591625260607,9.36958398507823,0.7255577946564876,0.10940331658619296
20241111_125838_n000016,robosense,高速/快速路,晴天,afternoon,0.0,18.503970817798645,20.866135282359146,0.8088520331948268,0.02353873058394519
20241111_125838_n000018,robosense,城区道路,晴天,afternoon,0.37782204515272244,11.29730389479512,7.578133544446809,0.5718353542136186,0.08887772609901998
20241111_144655_n000001,robosense,城区道路,晴天,afternoon,0.5462073534282875,14.506127381672824,5.346369983034859,0.3189664537397142,0.04712128962007022
20241111_155436_n000001,robosense,高速/快速路,晴天,afternoon,0.04285714285714286,21.653738803145206,19.405507379078948,0.5762256758311533,0.023055797760974085
20241111_155436_n000002,robosense,高速/快速路,晴天,afternoon,0.0,19.876653295771195,20.107750220547878,0.9105626776970869,0.027982840827825192
20241111_155436_n000003,robosense,高速/快速路,晴天,afternoon,0.19191249585681142,22.70662078963038,16.929004049788407,0.5630952037160842,0.041678894998258866
20241111_155436_n000004,robosense,高速/快速路,晴天,afternoon,0.5240464344941956,8.981445595943969,3.974470987678893,0.45475298563740935,0.11252175077611273
20241111_155436_n000005,robosense,高速/快速路,晴天,afternoon,0.13579017264276227,8.311727952096172,8.624891578708919,0.8527063125150349,0.09331323425063798
20241111_155436_n000006,robosense,高速/快速路,晴天,afternoon,0.0,17.238811742586154,15.981814617994685,1.0809633869209254,0.05395427975787237
20241111_155436_n000007,robosense,高速/快速路,晴天,afternoon,0.017224246439218285,12.977735237678294,12.320131780727284,1.2045204867604216,0.09162448439681052
20241111_155436_n000008,robosense,高速/快速路,晴天,afternoon,0.0241801921165949,14.015364992966559,13.66161651026966,1.0402658150941377,0.08677128357898231
20241111_155436_n000009,robosense,高速/快速路,晴天,afternoon,0.01690420947961551,15.83075603575459,14.357235932475495,0.8141360157971578,0.0542667579352623
20241111_155436_n000010,robosense,高速/快速路,晴天,afternoon,0.1077943615257048,7.287674112656746,6.798856398831811,0.7974740760457524,0.09751938792404526
20241111_155436_n000011,robosense,高速/快速路,晴天,afternoon,0.4165283770328576,7.240046317124394,5.911505971411854,0.7415650213791708,0.14961941063308185
20241111_155436_n000013,robosense,城区道路,晴天,afternoon,0.44267726971504306,10.733448154435855,3.8773169626218493,0.178445042883496,0.04334432660413827
20241111_155436_n000015,robosense,高速/快速路,晴天,dusk,0.0,19.068135826968955,17.371439196873677,1.139814535514963,0.07623134370475486
20241111_155436_n000016,robosense,高速/快速路,晴天,dusk,0.0,19.095741523056233,17.966108568589288,1.2350233359550693,0.05285377707623382
20241111_155436_n000017,robosense,高速/快速路,晴天,dusk,0.0,19.690638416074837,19.36754813283649,1.028770066658215,0.03952915793180307
20241111_155436_n000018,robosense,高速/快速路,晴天,dusk,0.0,12.494033542058325,11.590482311459647,0.8768860962904577,0.09886479791884217
20241111_155436_n000020,robosense,高速/快速路,晴天,dusk,0.0,21.205602644609623,16.862800474495437,0.5459249883393807,0.03305527754743813
20241111_155436_n000021,robosense,高速/快速路,晴天,dusk,0.0,17.158491766895477,13.047395018751985,0.5500769822626296,0.040907931254141966
20241111_155436_n000022,robosense,高速/快速路,晴天,dusk,0.0,16.902389815349814,16.94168643450722,1.0701677453728045,0.05828714705467482
20241111_155436_n000023,robosense,高速/快速路,晴天,dusk,0.24078379275988043,7.565954892236938,5.473273512806299,0.6375533943739835,0.1515813729660511
20241111_155436_n000025,robosense,高速/快速路,晴天,dusk,0.8461538461538461,13.500219308096787,3.629513122789405,0.2108139094835014,0.04419850304952291
20241111_155436_n000026,robosense,高速/快速路,晴天,dusk,0.0,21.703815634549652,19.382320343706404,0.7016420654529263,0.04697261869802381
20241111_155436_n000027,robosense,高速/快速路,晴天,night,0.09353233830845771,17.55850934685694,12.505207001174673,0.46290421535943105,0.060462520414350074
20241111_155436_n000028,robosense,高速/快速路,晴天,night,0.06509465293922286,13.883153563409673,5.814414938132302,0.3855745923389737,0.05367225285625118
20241111_155436_n000030,robosense,高速/快速路,晴天,night,0.0,19.650210781552445,14.944245077846105,0.41277135809862514,0.026590239945094803
20241111_155436_n000031,robosense,高速/快速路,晴天,night,0.0,18.709930873992274,17.5563682984066,0.8028603018707028,0.043730726973744825
20241111_155436_n000032,robosense,高速/快速路,晴天,night,0.12276045122760451,15.874662106679175,12.561572653041452,0.592171658551069,0.04545867945838592
20241111_155436_n000033,robosense,高速/快速路,晴天,night,0.06372386325921009,24.188703653703385,13.814979163386493,0.3902870077486622,0.016225236756818848
20241111_155436_n000034,robosense,高速/快速路,晴天,night,0.0,23.59081257165349,18.67061723988398,0.49834585208301146,0.020898402192124972
20241111_192515_n000002,robosense,城区道路,晴天,night,0.26244193762441936,11.559636765109811,6.618027016911362,0.25483811881344454,0.031892255500762516
20241111_192515_n000003,robosense,城区道路,晴天,night,0.4810882548108825,12.513987314213267,7.141678054654974,0.409635600838839,0.07251172060730801
20241111_192515_n000004,robosense,城区道路,晴天,night,0.10823373173970784,11.192907103743025,9.50234142159136,0.6305943170784142,0.04635847536614353
20241111_192515_n000005,robosense,城区道路,晴天,night,0.33322259136212623,9.554311812072473,6.739807790428001,0.37541919946822466,0.0635752400269273
20241111_192515_n000007,robosense,城区道路,晴天,night,0.2723051409618574,13.088075661181099,5.914764698200324,0.189264205487193,0.04101552377968079
20241111_192515_n000009,robosense,城区道路,晴天,night,0.5690571049136787,9.304878011322904,3.646597440663761,0.3626245975519572,0.0966056449911092
20241111_192515_n000013,robosense,城区道路,晴天,night,0.4897214854111406,9.424723091336176,3.2146704726143174,0.15299615142317965,0.02229921895574607
20241111_192515_n000014,robosense,城区道路,晴天,night,0.48241539482415396,7.201910432638266,3.158814765718159,0.26851652177193214,0.046640691807236505
20241111_192515_n000015,robosense,城区道路,晴天,night,0.47277556440903057,9.559375544639318,3.1141270987402874,0.17628282204557638,0.06495796886331207
20241111_192515_n000016,robosense,城区道路,晴天,night,0.7395348837209302,10.137941139084953,2.420704850564855,0.2539648942730805,0.10246895565737763
20241111_192515_n000017,robosense,城区道路,晴天,night,0.4078860172299536,10.051607026157262,4.441795718006196,0.20146030561257083,0.03968805531022475
20241111_192515_n000021,robosense,城区道路,晴天,night,0.24178013948854202,7.452927464724527,3.466376089734171,0.11771106704281128,0.013948763534944954
20241111_192515_n000022,robosense,城区道路,晴天,night,0.28148886673313395,7.25952311967061,3.34547927845999,0.15662920240833267,0.018884746640606874
20241111_192515_n000023,robosense,城区道路,晴天,night,0.3599602253894597,9.65438652310206,3.7710094934133953,0.10805105955848839,0.009354224194149423
20241111_192515_n000024,robosense,城区道路,晴天,night,0.3466003316749585,11.798430322269498,5.468329552744751,0.286788238161206,0.04793802567602987
20241111_192515_n000025,robosense,城区道路,晴天,night,0.2452704945237305,11.036708790373153,5.371486160418257,0.21132959720938382,0.05831511448534949
20241111_192515_n000026,robosense,城区道路,晴天,night,0.12155430089671206,9.316250297117323,6.129531592942937,0.2204051961601187,0.02403126967567042
20241111_192515_n000027,robosense,城区道路,晴天,night,0.15387171817879694,9.756490320458903,3.505471579629536,0.08681785653043703,0.016427185956204623
20241111_192515_n000028,robosense,城区道路,晴天,night,0.3705667882001989,11.9992473883777,2.890311692439125,0.09539536216254973,0.011735198966825225
20241111_192515_n000029,robosense,城区道路,晴天,night,0.16478779840848806,12.186351407563322,7.733541348583428,0.25014780673594633,0.025997295924364144
20241111_192515_n000030,robosense,城区道路,晴天,night,0.24776119402985075,12.724686004497388,6.262962990491741,0.28972072680425187,0.031581474637870366
20241111_192515_n000031,robosense,城区道路,晴天,night,0.2773722627737226,10.380972547307815,6.294770382294894,0.2969465407273253,0.039539139542535025
20241111_220141_n000001,robosense,高速/快速路,晴天,night,0.0,19.81699288329977,18.119800937539758,0.5493376014402692,0.015701730022765245
20241111_220141_n000002,robosense,高速/快速路,晴天,night,0.0,21.363115296123514,19.039070978833614,0.671755350785382,0.019175689866807615
20241111_220141_n000003,robosense,高速/快速路,晴天,night,0.0,21.89279062287572,19.150300782042923,0.628522306263562,0.015280314035003685
20241111_220141_n000004,robosense,高速/快速路,晴天,night,0.0,20.43016603483151,16.62581544541506,0.5477071266026176,0.015152673130877078
20241111_220141_n000005,robosense,高速/快速路,晴天,night,0.0,21.23936150239058,12.884344462472832,0.2765744424364308,0.0074409498072471845
20241111_220141_n000007,robosense,高速/快速路,晴天,night,0.0,22.130278705601985,7.087510643872328,0.14558457731002633,0.003728491358893818
20241111_220141_n000008,robosense,高速/快速路,晴天,night,0.0,22.703577275140127,13.6867571984273,0.31823508982688303,0.008781920561744889
20241111_220141_n000009,robosense,高速/快速路,晴天,night,0.0,22.210915951456524,14.579780384417175,0.42072435266533653,0.014643352368383088
20241111_224739_n000001,robosense,城区道路,晴天,night,0.21246271130261848,14.03874727341061,7.030898573079587,0.22127502992281664,0.027303341880314833
20241111_224739_n000002,robosense,城区道路,晴天,night,0.12802653399668326,16.601947428473686,6.6240823505380835,0.18744699637248768,0.01284319885764013
20241111_224739_n000003,robosense,城区道路,晴天,night,0.0,16.595104915376442,4.816596038031305,0.1290610908690582,0.009923081119564695
20241112_073957_n000003,robosense,城区道路,晴天,morning,0.3444038525406842,8.499734640483798,4.382435949108176,0.523068084706993,0.08710135406070578
20241112_073957_n000004,robosense,城区道路,晴天,morning,0.5700996677740864,8.432610959874054,2.971395494463878,0.2250609817668827,0.07303595381533644
20241112_073957_n000005,robosense,城区道路,晴天,morning,0.329688535453943,12.200919616122206,8.38998966168096,0.43638056948357595,0.09033209087032566
20241112_073957_n000006,robosense,城区道路,晴天,morning,0.6432360742705571,10.495917809497024,4.212773784095118,0.21558938778049594,0.09226411573867538
20241112_073957_n000007,robosense,城区道路,晴天,morning,0.2769485903814262,11.231435221160224,7.129915402199225,0.42950110062918573,0.08179153000388609
20241112_073957_n000010,robosense,城区道路,晴天,morning,0.3635759388501163,11.685857448254179,3.6025902940890178,0.1314343144088259,0.010440196113858454
20241112_073957_n000011,robosense,城区道路,晴天,morning,0.1736824660258535,11.546463760945198,6.476410438745292,0.3246266911107687,0.029086827473209655
20241112_073957_n000012,robosense,城区道路,晴天,morning,0.5582089552238806,9.326817759164461,4.5665962718196145,0.5016119881469432,0.06784728626706552
20241112_073957_n000013,robosense,城区道路,晴天,morning,0.34649850647195485,11.127201061917175,6.558999302691182,0.37480895436897693,0.09260565692843586
20241112_073957_n000015,robosense,城区道路,晴天,morning,0.6321036889332003,6.778533613778712,3.2009888356854734,0.3502487239343765,0.1268342600170452
20241112_073957_n000016,robosense,城区道路,晴天,morning,0.5096090125911199,8.885797519780494,3.1503614797727146,0.23992462521860555,0.08160337903203058
20241112_073957_n000018,robosense,城区道路,晴天,morning,0.47778514588859416,10.61943092073713,6.884293552937917,0.5469110520492003,0.10391019012798572
20241112_073957_n000019,robosense,城区道路,晴天,morning,0.4429329794293298,8.555639342937958,5.278000289191596,0.4007313554366561,0.10241643551554368
20241112_110349_n000001,robosense,高速/快速路,晴天,morning,0.0,24.304784682558395,5.6333307469169025,0.09723618738859345,0.010297512985315223
20241112_130846_n000003,robosense,城区道路,晴天,afternoon,0.5185922974767596,14.335268556496192,7.372715904319797,0.4194557462957844,0.07187218138834206
20241112_130846_n000004,robosense,城区道路,晴天,afternoon,0.36578073089700996,14.871588855216864,6.33080903652202,0.3488989420371861,0.09042977666192274
20241112_130846_n000005,robosense,城区道路,晴天,afternoon,0.38423318979794635,13.69459292515431,6.824545007836191,0.5206309917931433,0.1015020320999011
20241112_130846_n000006,robosense,城区道路,晴天,afternoon,0.34239310573417303,14.267494073438067,8.562300771312762,0.5326276365560745,0.08339316681293388
20241112_130846_n000007,robosense,城区道路,晴天,afternoon,0.4557213930348259,9.88884629032221,5.361569617448373,0.568835487277058,0.11961556915159711
20241112_130846_n000008,robosense,城区道路,晴天,afternoon,0.30912106135986733,11.994095339205078,6.078845668278841,0.531090741817756,0.07956915742146235
20241112_130846_n000009,robosense,城区道路,晴天,afternoon,0.5411686586985391,11.150090110457237,4.88177317835118,0.3303169642574045,0.058904422800028375
20241112_135817_n000001,robosense,城区道路,晴天,afternoon,0.0,15.767178729705002,12.192077343029895,0.6006454884226438,0.04732168192641895
20241112_155844_n000002,robosense,城区道路,晴天,afternoon,0.33576884755895053,9.57952830350399,5.695409027924368,0.5100087757163206,0.061989371011083996
20241112_155844_n000003,robosense,城区道路,晴天,afternoon,0.12860457408021214,12.514314718961081,9.590811393840179,0.6135522050544814,0.05608747096248145
20241112_155844_n000004,robosense,城区道路,晴天,afternoon,0.34239310573417303,9.909758395365168,6.1439301541456555,0.5137129409512039,0.07139112561944583
20241112_155844_n000005,robosense,城区道路,晴天,afternoon,0.21333775713337758,11.252337729061066,7.7905687168820865,0.5124463292530795,0.08367937448823899
20241112_155844_n000006,robosense,城区道路,晴天,afternoon,0.07235313640889479,12.74356977525892,10.925361012201227,0.4769188452934548,0.042097778937768324
20241112_163856_n000001,robosense,高速/快速路,晴天,afternoon,0.0,17.137472395400142,10.86329077439715,0.28291576668236557,0.017017663174451813
20241112_163856_n000002,robosense,高速/快速路,晴天,afternoon,0.0,20.025554194383933,15.918683492209794,0.4961116359240165,0.014417117730723685
20241112_163856_n000003,robosense,高速/快速路,晴天,afternoon,0.0,19.566443523431055,19.223592865237457,0.7170317188829286,0.03817632837556682
20241112_163856_n000004,robosense,高速/快速路,晴天,afternoon,0.0,19.794011673526377,20.37202749369766,0.9160480399634062,0.05670060390421029
20241112_163856_n000007,robosense,高速/快速路,晴天,dusk,0.0,20.507031026410377,16.62585813985143,0.4468552827099461,0.02705692380912361
20241112_163856_n000008,robosense,高速/快速路,晴天,dusk,0.0,19.110320365219092,16.520030946809822,0.6134892579289691,0.025884780353207033
20241112_163856_n000009,robosense,高速/快速路,晴天,dusk,0.0,19.50677851426641,17.107624049788765,0.71975435759026,0.033915782031221586
20241112_163856_n000010,robosense,高速/快速路,晴天,dusk,0.0,16.93087624065284,13.094224304217386,0.3877200826826499,0.03476512331824086
20241112_173051_n000001,robosense,城区道路,晴天,dusk,0.45336873547958845,10.350339900817593,5.314365069888381,0.3575721025746557,0.0797761372439459
20241112_181710_n000002,robosense,城区道路,晴天,night,0.10152621101526212,8.359330491442096,6.405391562269677,0.46178354519624687,0.0468379915416767
20241112_211119_n000001,robosense,高速/快速路,晴天,night,0.0,17.660880570226762,16.971442460053638,0.5367774935049485,0.014495746149287269
20241112_211119_n000002,robosense,高速/快速路,晴天,night,0.0,15.403829627092403,13.364791389238485,0.36125593482653123,0.010974097261904521
20241112_211119_n000003,robosense,高速/快速路,晴天,night,0.0,17.33359662013872,18.86939641171348,0.8716539306110908,0.025671843693407043
20241112_211119_n000004,robosense,高速/快速路,晴天,night,0.0,17.581353399699744,20.169833548996195,0.9168488266540821,0.025308205960871098
20241112_211119_n000005,robosense,高速/快速路,晴天,night,0.0,17.59797055919305,16.02963211018627,0.4273016611125114,0.011278112507419884
20241112_213642_n000002,robosense,高速/快速路,晴天,night,0.0,16.758247311572486,17.65322168977698,0.4728397949682627,0.012196561768787187
20241112_213642_n000003,robosense,高速/快速路,晴天,night,0.0,17.30045021419348,19.013608857262376,0.9964751633414559,0.03129053297067172
20241112_213642_n000004,robosense,高速/快速路,晴天,night,0.0,18.07774034227644,18.793438047238972,0.605050036709763,0.016843897175904763
20241112_213642_n000005,robosense,高速/快速路,晴天,night,0.0,19.15931435718372,18.357923623735743,0.7638169179167748,0.020916379219220703
20241112_213642_n000006,robosense,高速/快速路,晴天,night,0.0,18.730422960356602,13.563548051905741,0.3533904150301914,0.010047625846850625
20241112_220907_n000001,robosense,城区道路,晴天,night,0.5492210805435863,10.436922491473311,4.656444592818618,0.2975209076508584,0.06270402017029907
20241112_220907_n000002,robosense,城区道路,晴天,night,0.1761194029850746,12.120010471094442,9.621219879257,0.49493902244063,0.04345930049875933
20241112_220907_n000003,robosense,城区道路,晴天,night,0.46715328467153283,10.600517424373223,5.34876131975684,0.23938323042930526,0.06942520474003382
20241112_220907_n000004,robosense,城区道路,晴天,night,0.6261620185922975,8.008207051410979,3.2368582862296273,0.238288806762634,0.07143687300185779
20241112_220907_n000005,robosense,城区道路,晴天,night,0.5430089671205579,10.959592565374319,4.586309337348976,0.265106280450277,0.042453570489576854
20241112_220907_n000006,robosense,城区道路,晴天,night,0.29976813514408746,13.309777157534489,5.99722628546969,0.15090540211546102,0.017615180916755728
20241112_220907_n000007,robosense,城区道路,晴天,night,0.16771627444481274,16.21160420199781,5.579696994623757,0.11251298516607687,0.011277958866079187
20241112_220907_n000008,robosense,城区道路,晴天,night,0.12437810945273632,15.260861784219742,7.585789937179348,0.21728208987117598,0.024526917835545066
20241112_220907_n000009,robosense,城区道路,晴天,night,0.27846000663790244,14.926807560938263,6.947553351424966,0.2505165223971657,0.042891763061010925
20241112_220907_n000010,robosense,城区道路,晴天,night,0.2108933909000332,16.691445615957882,11.189272166529948,0.3141095704404015,0.02598347650027573
20241114_101032_n000004,robosense,城区道路,阴天,morning,0.21750663129973474,11.412765081757206,6.143914311711828,0.23465398902023343,0.04361086173790174
20241114_101032_n000005,robosense,城区道路,阴天,morning,0.47429519071310117,13.595400360330046,6.360770845458007,0.26217566473564774,0.06760113042948385
20241114_101032_n000006,robosense,城区道路,雨天,morning,0.2283438433455028,13.756225720682451,9.157218963669242,0.3964453532270971,0.061933837699131286
20241114_101032_n000007,robosense,城区道路,雨天,morning,0.399734395750332,12.07987523237161,6.802053845409583,0.48712846755083544,0.1096084906679523
20241114_101032_n000008,robosense,城区道路,雨天,morning,0.48055461616503214,11.39315676006178,6.462109125268421,0.4279265104037465,0.05935198240925906
20241114_105051_n000002,robosense,高速/快速路,雨天,morning,0.0,18.159259555354033,15.193191500254445,0.49217484024039043,0.015126605694200483
20241114_105051_n000003,robosense,高速/快速路,雨天,morning,0.0,17.981859121174065,18.754839177450467,1.153293692512511,0.03791739516078229
20241114_105051_n000004,robosense,高速/快速路,雨天,morning,0.0,18.154601088569397,19.66469271999632,1.2203044444184972,0.035570111040301486
20241114_105051_n000005,robosense,高速/快速路,雨天,morning,0.0,18.226688790020756,18.284738496691,0.8210598514246256,0.023246343875361973
20241114_105051_n000007,robosense,高速/快速路,雨天,morning,0.0,17.76212365300265,19.81151062739388,1.6058495342982662,0.04816713014322116
20241114_105051_n000008,robosense,高速/快速路,阴天,morning,0.0,20.470291629853175,19.76856465984345,1.179038539872723,0.03441012087328042
20241114_113237_n000002,robosense,城区道路,阴天,morning,0.1951543312313309,12.797249491091856,8.674088768596365,0.39082246755336286,0.03903309125653447
20241114_113237_n000003,robosense,城区道路,阴天,morning,0.17801394885420127,15.177443538916231,9.607762226518398,0.27249483168461736,0.01642467272243081
20241114_113237_n000004,robosense,城区道路,阴天,morning,0.22358803986710962,14.785352355147408,5.881514290790712,0.15399818448228755,0.01383602226337503
20241114_113237_n000016,robosense,城区道路,阴天,afternoon,0.1730322152108934,11.882565838649091,7.970417550600289,0.2875587040645014,0.027204204470452503
20241114_113237_n000017,robosense,城区道路,阴天,afternoon,0.2550513415038092,12.604383867229023,8.8760524125825,0.46879379762897233,0.05894978422541518
20241114_113237_n000018,robosense,城区道路,阴天,afternoon,0.34007292011932383,12.639018953774576,5.077775984141641,0.2683933870522858,0.0977460035754724
20241114_113237_n000019,robosense,城区道路,阴天,afternoon,0.4423076923076923,11.375879022936191,6.058410729061257,0.5001824265474689,0.12607588483997392
20241114_113237_n000020,robosense,城区道路,阴天,afternoon,0.31409618573797676,12.349393842298703,8.524376127511912,0.5733811382557269,0.07341747120902035
20241114_113237_n000021,robosense,城区道路,阴天,afternoon,0.34306569343065696,11.89585814500096,7.452191089414922,0.5112180567541723,0.07283212671083306
20241114_113237_n000022,robosense,城区道路,阴天,afternoon,0.37715803452855245,10.649714033995101,6.225081350613285,0.6835418535166428,0.1074292550742295
20241114_113237_n000023,robosense,城区道路,阴天,afternoon,0.6664451827242525,10.916366601607715,3.5983079322075344,0.3710654126097782,0.11394811627174059
20241114_113237_n000024,robosense,城区道路,雨天,afternoon,0.7892644135188867,6.490087001578613,2.2616564318879138,0.2584455866100683,0.09987875387136966
20241114_113237_n000025,robosense,城区道路,雨天,afternoon,0.26085515412661586,10.372679362061847,5.82100882430364,0.4467771998838054,0.054416662788278156
20241114_113237_n000026,robosense,城区道路,雨天,afternoon,0.5492537313432836,10.661973026940892,5.355019662531821,0.3967982585678235,0.14325443727081544
20241114_113237_n000027,robosense,城区道路,雨天,afternoon,0.563889810819781,10.423793481002297,4.257314834674385,0.27867638982478565,0.11172229744153822
20241114_113237_n000028,robosense,城区道路,阴天,afternoon,0.149734395750332,13.538200967808061,7.425043030980291,0.31456144934357844,0.05451381487616789
20241114_113237_n000029,robosense,城区道路,阴天,afternoon,0.09435215946843854,13.086368347561192,4.191083926952133,0.17411661624755959,0.04253402478059021
20241114_113237_n000030,robosense,城区道路,阴天,afternoon,0.5544882411394502,12.748907889752584,5.748030270707122,0.30932839622532965,0.10543838062595984
20241114_113237_n000031,robosense,城区道路,阴天,afternoon,0.38402915838303514,13.310685736444318,7.768907308736611,0.33714526230031433,0.06156070439290391
20241114_113237_n000032,robosense,城区道路,阴天,afternoon,0.14389920424403183,11.354332845678263,6.061756600939227,0.19761585606394758,0.01872174014460522
20241114_113237_n000033,robosense,城区道路,阴天,afternoon,0.39482415394824155,10.948068196444135,3.1709458358618274,0.1443824276966404,0.031315230967864136
20241114_113237_n000034,robosense,城区道路,阴天,afternoon,0.31164951875207436,7.9086936954822,3.742547136073758,0.2674113535327937,0.039046098781841856
20241114_153305_n000003,robosense,城区道路,雨天,afternoon,0.5382830626450116,11.483542095562235,2.2026345420757885,0.09482463941767941,0.13589982781460075
20241114_153305_n000004,robosense,城区道路,雨天,afternoon,0.0978441127694859,14.139355967851246,7.589158314445507,0.22576750648663882,0.022951671010794056
20241114_153305_n000005,robosense,城区道路,雨天,afternoon,0.7335766423357665,5.432851829980112,1.4421336552170332,0.2066561257351173,0.10760772343919763
20241114_153305_n000006,robosense,城区道路,雨天,afternoon,0.03419654714475431,13.382871704193356,10.563176122621282,0.40786486758032253,0.0429377871505749
20241114_153305_n000009,robosense,乡村道路,雨天,afternoon,0.06017287234042553,8.646455317957054,4.940999136578038,0.11715222226619759,0.013315075450599668
20241114_153305_n000010,robosense,城区道路,雨天,afternoon,0.3667785234899329,13.717233035194223,1.686991477367794,0.039888639509739955,0.013887965855308285
20241114_153305_n000011,robosense,城区道路,雨天,afternoon,0.4099502487562189,12.808381386323214,6.179648434658529,0.1902226816829024,0.03708994428525688
20241114_153305_n000012,robosense,城区道路,雨天,afternoon,0.5711915034848988,8.290691908299001,4.220626561730759,0.1957449892701706,0.05599482236004724
20241114_153305_n000013,robosense,城区道路,雨天,afternoon,0.40053138492195284,11.279960075970171,6.550517637963049,0.4452555874364754,0.07620624155363445
20241114_153305_n000014,robosense,城区道路,雨天,afternoon,0.31893687707641194,12.884096519074788,8.118408818725857,0.49320977096604385,0.07864346189839466
20241114_153305_n000015,robosense,城区道路,雨天,afternoon,0.4469847581179589,10.958601567615213,5.598587630468837,0.32030843113689134,0.06631695637373823
20241114_153305_n000017,robosense,城区道路,雨天,afternoon,0.2991708126036484,12.486971885290295,8.237519048688085,0.6028365033104333,0.06723026675687925
20241114_153305_n000018,robosense,城区道路,雨天,afternoon,0.7288416860272154,8.52776164173934,3.1351556184115115,0.44401014720324905,0.12733378900356537
20241114_175658_n000002,robosense,城区道路,雨天,night,0.706312292358804,7.359671299274151,2.293271614655767,0.36826188812748617,0.13237500427744156
20241114_175658_n000003,robosense,城区道路,雨天,night,0.3521033454786353,7.253356217606667,4.4459744563173365,0.5351852231408739,0.07095381145591208
20241114_175658_n000004,robosense,城区道路,雨天,night,0.3254888962545575,10.712917229467294,3.9200134968893527,0.3677448675613628,0.07571110779770737
20241114_181827_n000001,robosense,高速/快速路,雨天,night,0.007638658253072069,16.826037211750087,11.199441427864606,0.31595561282121964,0.031237551802419033
20241114_181827_n000002,robosense,高速/快速路,雨天,night,0.06624710168930109,12.676711022917283,9.946682164747685,0.5772777103122413,0.10418359794456956
20241114_181827_n000003,robosense,高速/快速路,雨天,night,0.06363937686443487,5.070363530015523,5.15456506256095,0.6913984045073656,0.16360232443940176
20241114_181827_n000004,robosense,高速/快速路,雨天,night,0.0,10.631633233960807,9.02930366673904,0.7074899270356548,0.1218676272649528
20241114_181827_n000005,robosense,高速/快速路,雨天,night,0.0,19.685916976109997,9.532909508730409,0.21794126453586896,0.01703990734412397
20241114_184722_n000001,robosense,高速/快速路,雨天,night,0.004970178926441352,15.228706493244305,15.649421603096215,0.5223995227936593,0.027344744215824467
20241114_184722_n000002,robosense,高速/快速路,雨天,night,0.0,16.433622692244754,16.199592231773483,0.6036523780031396,0.034010572077918556
20241114_184722_n000003,robosense,高速/快速路,雨天,night,0.0,17.421751026767204,16.10637636135539,0.5927157995842371,0.034260039590325156
20241114_184722_n000004,robosense,高速/快速路,雨天,night,0.0,18.502538739586445,16.08974937939788,0.795803624114952,0.028066783507085056
20241114_184722_n000005,robosense,高速/快速路,雨天,night,0.0,19.596716523843522,13.260312014932996,0.8478049844428802,0.036961182335914784
20241114_184722_n000006,robosense,高速/快速路,雨天,night,0.030222517436067752,11.420849623990385,11.015745977419076,0.9697477699838932,0.06733312440870999
20241114_184722_n000007,robosense,高速/快速路,雨天,night,0.11361377939715138,7.04588172280735,6.538130317919997,1.0464764117501182,0.09498607365636313
20241114_184722_n000008,robosense,高速/快速路,雨天,night,0.06695392774279085,8.647820993511546,7.5491956298508045,0.9315598533383563,0.07959356148273314
20241114_192905_n000001,robosense,城区道路,雨天,night,0.4113357640039775,8.277633905142277,3.9070398309197647,0.3862477364806389,0.07290647287311736
20241114_194813_n000001,robosense,高速/快速路,雨天,night,0.40622906898861355,8.484450894026049,4.796958295144809,0.3931305232502224,0.054211456531291495
20241114_194813_n000002,robosense,高速/快速路,雨天,night,0.0,15.163360232172238,14.140912550081355,0.7395164268379656,0.042679520803284444
20241114_194813_n000003,robosense,高速/快速路,雨天,night,0.0,16.08316086837991,15.277939685913351,1.203641732861125,0.08048636586082325
20241114_194813_n000004,robosense,高速/快速路,雨天,night,0.0,17.867648999001684,16.403028293645132,1.0293536755435626,0.05729739251362539
20241114_194813_n000005,robosense,高速/快速路,雨天,night,0.0,21.17368267416242,19.23836690984758,0.8797784336141313,0.05291119194909888
20241114_194813_n000006,robosense,高速/快速路,雨天,night,0.0,19.087184910753656,17.039497270711813,0.8670004459411664,0.038388210604908844
20241114_194813_n000007,robosense,高速/快速路,雨天,night,0.0,20.143766735021178,20.163370675885258,0.8595842968939088,0.029718906095129755
20241114_194813_n000008,robosense,高速/快速路,雨天,night,0.0,20.512839432649834,18.318594123861715,0.652102091259501,0.03231431911351062
20241114_194813_n000009,robosense,高速/快速路,雨天,night,0.0,18.81098819845123,16.08431876854295,0.8073910009864819,0.031361464586754144
20241114_194813_n000011,robosense,高速/快速路,雨天,night,0.0,17.804795633195784,14.583858257684714,0.5476549712812583,0.023427447197697418
20241114_204241_n000001,robosense,高速/快速路,雨天,night,0.018230029830957905,21.33892371532162,15.935657549937014,0.33890730253500256,0.019305000052407206
20241114_204241_n000002,robosense,高速/快速路,雨天,night,0.0,22.94894722845379,13.422422480333191,0.30838806813885106,0.015245591630280988
20241114_204241_n000003,robosense,高速/快速路,雨天,night,0.0,23.1035238579138,14.416089627753554,0.36847356711853974,0.01878429005137352
20241114_211524_n000001,robosense,高速/快速路,雨天,night,0.0,19.73471619318683,15.595538299457,0.43228803716948555,0.02588783777691647
20241114_211524_n000002,robosense,高速/快速路,雨天,night,0.0,21.379821190467247,19.488134236461242,0.5339344113261529,0.02747375585617794
20241114_212919_n000001,robosense,高速/快速路,雨天,night,0.0,19.45786915191873,15.77726970620686,0.34960923853207876,0.011591043780903606
20241114_212919_n000002,robosense,高速/快速路,雨天,night,0.0,19.885426326267442,19.150176729940718,0.8121466816912892,0.025852396119557326
20241114_212919_n000003,robosense,高速/快速路,雨天,night,0.0,19.661755841130244,20.914946438849235,1.0393389403082556,0.030656084090829493
20241114_212919_n000004,robosense,高速/快速路,雨天,night,0.0,20.72314870096471,11.270852953526246,0.39951786574638526,0.012228662441742299
20241114_215210_n000001,robosense,高速/快速路,雨天,night,0.0,22.364691183045235,15.568502495125347,0.42534082885232644,0.013093928028502108
20241114_215210_n000002,robosense,高速/快速路,雨天,night,0.0,21.235170957495605,18.440557558139165,0.5289555948545017,0.01873041970219039
20241114_223616_n000001,robosense,城区道路,雨天,night,0.19191249585681142,10.054727867453483,3.860151477286803,0.16128609441811576,0.019469123940989392
20241114_223616_n000002,robosense,城区道路,雨天,night,0.3870646766169154,12.822597169901902,8.342041859327637,0.4271963479514231,0.05612404879433344
20241114_223616_n000003,robosense,城区道路,雨天,night,0.16755142667551426,13.226924138793246,10.50752005203246,0.32048539030137185,0.031445070000796584
20241114_223616_n000004,robosense,城区道路,雨天,night,0.2536520584329349,13.02834850380005,4.823804492920219,0.1160297641527228,0.016562656696993534
20241114_223616_n000005,robosense,城区道路,雨天,night,0.2431086017934241,13.274527863903808,5.26863609153143,0.1422743322426884,0.018433410733818864
20241114_223616_n000006,robosense,城区道路,雨天,night,0.35671483961931616,13.532547442945715,2.89902275390437,0.09432593244020747,0.013412803393227772
20241114_223616_n000007,robosense,城区道路,雨天,night,0.2637508283631544,13.008152648417612,3.5781069046427505,0.11484473883441206,0.023296505789558195
20241114_223616_n000008,robosense,城区道路,雨天,night,0.40351458885941643,12.748561310993425,7.313038478006375,0.3503863744041548,0.04647941655645585
20241114_223616_n000009,robosense,城区道路,雨天,night,0.2909754479097545,14.743912394157235,9.315755608074744,0.33112295319914203,0.0330852760490288
20241114_223616_n000010,robosense,城区道路,雨天,night,0.5911052107534019,13.447849186983975,4.9229334720558615,0.16509852588193916,0.028101386774612172
20241111_155436_n000002,autolabel,高速/快速路,晴天,afternoon,1.0,0.0,0.0,0.0,0.017561470062233825
